R,G,B,RGB-HEX,escol-number
0,0,0,#000000,0
0,0,0.1111111111,#00001C,6
0,0,0.2222222222,#000038,6
0,0,0.3333333333,#000055,6
0,0,0.4444444444,#000071,12
0,0,0.5555555556,#00008D,12
0,0,0.6666666667,#0000AA,12
0,0,0.7777777778,#0000C6,12
0,0,0.8888888889,#0000E2,12
0,0,1,#0000FF,12
0,0.1111111111,0,#001C00,0
0,0.1111111111,0.1111111111,#001C1C,6
0,0.1111111111,0.2222222222,#001C38,6
0,0.1111111111,0.3333333333,#001C55,6
0,0.1111111111,0.4444444444,#001C71,12
0,0.1111111111,0.5555555556,#001C8D,12
0,0.1111111111,0.6666666667,#001CAA,12
0,0.1111111111,0.7777777778,#001CC6,12
0,0.1111111111,0.8888888889,#001CE2,12
0,0.1111111111,1,#001CFF,12
0,0.2222222222,0,#003800,4
0,0.2222222222,0.1111111111,#00381C,4
0,0.2222222222,0.2222222222,#003838,4
0,0.2222222222,0.3333333333,#003855,6
0,0.2222222222,0.4444444444,#003871,6
0,0.2222222222,0.5555555556,#00388D,12
0,0.2222222222,0.6666666667,#0038AA,12
0,0.2222222222,0.7777777778,#0038C6,12
0,0.2222222222,0.8888888889,#0038E2,12
0,0.2222222222,1,#0038FF,12
0,0.3333333333,0,#005500,4
0,0.3333333333,0.1111111111,#00551C,4
0,0.3333333333,0.2222222222,#005538,4
0,0.3333333333,0.3333333333,#005555,6
0,0.3333333333,0.4444444444,#005571,6
0,0.3333333333,0.5555555556,#00558D,12
0,0.3333333333,0.6666666667,#0055AA,12
0,0.3333333333,0.7777777778,#0055C6,12
0,0.3333333333,0.8888888889,#0055E2,12
0,0.3333333333,1,#0055FF,14
0,0.4444444444,0,#007100,4
0,0.4444444444,0.1111111111,#00711C,10
0,0.4444444444,0.2222222222,#007138,10
0,0.4444444444,0.3333333333,#007155,8
0,0.4444444444,0.4444444444,#007171,8
0,0.4444444444,0.5555555556,#00718D,12
0,0.4444444444,0.6666666667,#0071AA,12
0,0.4444444444,0.7777777778,#0071C6,14
0,0.4444444444,0.8888888889,#0071E2,14
0,0.4444444444,1,#0071FF,14
0,0.5555555556,0,#008D00,10
0,0.5555555556,0.1111111111,#008D1C,10
0,0.5555555556,0.2222222222,#008D38,10
0,0.5555555556,0.3333333333,#008D55,10
0,0.5555555556,0.4444444444,#008D71,8
0,0.5555555556,0.5555555556,#008D8D,10
0,0.5555555556,0.6666666667,#008DAA,14
0,0.5555555556,0.7777777778,#008DC6,14
0,0.5555555556,0.8888888889,#008DE2,14
0,0.5555555556,1,#008DFF,14
0,0.6666666667,0,#00AA00,10
0,0.6666666667,0.1111111111,#00AA1C,10
0,0.6666666667,0.2222222222,#00AA38,10
0,0.6666666667,0.3333333333,#00AA55,10
0,0.6666666667,0.4444444444,#00AA71,10
0,0.6666666667,0.5555555556,#00AA8D,10
0,0.6666666667,0.6666666667,#00AAAA,14
0,0.6666666667,0.7777777778,#00AAC6,14
0,0.6666666667,0.8888888889,#00AAE2,14
0,0.6666666667,1,#00AAFF,14
0,0.7777777778,0,#00C600,10
0,0.7777777778,0.1111111111,#00C61C,10
0,0.7777777778,0.2222222222,#00C638,10
0,0.7777777778,0.3333333333,#00C655,10
0,0.7777777778,0.4444444444,#00C671,10
0,0.7777777778,0.5555555556,#00C68D,10
0,0.7777777778,0.6666666667,#00C6AA,10
0,0.7777777778,0.7777777778,#00C6C6,14
0,0.7777777778,0.8888888889,#00C6E2,14
0,0.7777777778,1,#00C6FF,14
0,0.8888888889,0,#00E200,10
0,0.8888888889,0.1111111111,#00E21C,10
0,0.8888888889,0.2222222222,#00E238,10
0,0.8888888889,0.3333333333,#00E255,10
0,0.8888888889,0.4444444444,#00E271,10
0,0.8888888889,0.5555555556,#00E28D,10
0,0.8888888889,0.6666666667,#00E2AA,10
0,0.8888888889,0.7777777778,#00E2C6,14
0,0.8888888889,0.8888888889,#00E2E2,14
0,0.8888888889,1,#00E2FF,14
0,1,0,#00FF00,10
0,1,0.1111111111,#00FF1C,10
0,1,0.2222222222,#00FF38,10
0,1,0.3333333333,#00FF55,10
0,1,0.4444444444,#00FF71,10
0,1,0.5555555556,#00FF8D,10
0,1,0.6666666667,#00FFAA,10
0,1,0.7777777778,#00FFC6,14
0,1,0.8888888889,#00FFE2,14
0,1,1,#00FFFF,14
0.1111111111,0,0,#1C0000,0
0.1111111111,0,0.1111111111,#1C001C,0
0.1111111111,0,0.2222222222,#1C0038,0
0.1111111111,0,0.3333333333,#1C0055,0
0.1111111111,0,0.4444444444,#1C0071,6
0.1111111111,0,0.5555555556,#1C008D,6
0.1111111111,0,0.6666666667,#1C00AA,6
0.1111111111,0,0.7777777778,#1C00C6,6
0.1111111111,0,0.8888888889,#1C00E2,12
0.1111111111,0,1,#1C00FF,12
0.1111111111,0.1111111111,0,#1C1C00,0
0.1111111111,0.1111111111,0.1111111111,#1C1C1C,0
0.1111111111,0.1111111111,0.2222222222,#1C1C38,0
0.1111111111,0.1111111111,0.3333333333,#1C1C55,0
0.1111111111,0.1111111111,0.4444444444,#1C1C71,6
0.1111111111,0.1111111111,0.5555555556,#1C1C8D,6
0.1111111111,0.1111111111,0.6666666667,#1C1CAA,6
0.1111111111,0.1111111111,0.7777777778,#1C1CC6,6
0.1111111111,0.1111111111,0.8888888889,#1C1CE2,12
0.1111111111,0.1111111111,1,#1C1CFF,12
0.1111111111,0.2222222222,0,#1C3800,0
0.1111111111,0.2222222222,0.1111111111,#1C381C,0
0.1111111111,0.2222222222,0.2222222222,#1C3838,0
0.1111111111,0.2222222222,0.3333333333,#1C3855,0
0.1111111111,0.2222222222,0.4444444444,#1C3871,6
0.1111111111,0.2222222222,0.5555555556,#1C388D,6
0.1111111111,0.2222222222,0.6666666667,#1C38AA,6
0.1111111111,0.2222222222,0.7777777778,#1C38C6,6
0.1111111111,0.2222222222,0.8888888889,#1C38E2,12
0.1111111111,0.2222222222,1,#1C38FF,12
0.1111111111,0.3333333333,0,#1C5500,4
0.1111111111,0.3333333333,0.1111111111,#1C551C,4
0.1111111111,0.3333333333,0.2222222222,#1C5538,4
0.1111111111,0.3333333333,0.3333333333,#1C5555,6
0.1111111111,0.3333333333,0.4444444444,#1C5571,6
0.1111111111,0.3333333333,0.5555555556,#1C558D,6
0.1111111111,0.3333333333,0.6666666667,#1C55AA,6
0.1111111111,0.3333333333,0.7777777778,#1C55C6,6
0.1111111111,0.3333333333,0.8888888889,#1C55E2,12
0.1111111111,0.3333333333,1,#1C55FF,12
0.1111111111,0.4444444444,0,#1C7100,4
0.1111111111,0.4444444444,0.1111111111,#1C711C,4
0.1111111111,0.4444444444,0.2222222222,#1C7138,4
0.1111111111,0.4444444444,0.3333333333,#1C7155,8
0.1111111111,0.4444444444,0.4444444444,#1C7171,6
0.1111111111,0.4444444444,0.5555555556,#1C718D,6
0.1111111111,0.4444444444,0.6666666667,#1C71AA,6
0.1111111111,0.4444444444,0.7777777778,#1C71C6,6
0.1111111111,0.4444444444,0.8888888889,#1C71E2,12
0.1111111111,0.4444444444,1,#1C71FF,14
0.1111111111,0.5555555556,0,#1C8D00,10
0.1111111111,0.5555555556,0.1111111111,#1C8D1C,10
0.1111111111,0.5555555556,0.2222222222,#1C8D38,10
0.1111111111,0.5555555556,0.3333333333,#1C8D55,10
0.1111111111,0.5555555556,0.4444444444,#1C8D71,10
0.1111111111,0.5555555556,0.5555555556,#1C8D8D,8
0.1111111111,0.5555555556,0.6666666667,#1C8DAA,14
0.1111111111,0.5555555556,0.7777777778,#1C8DC6,14
0.1111111111,0.5555555556,0.8888888889,#1C8DE2,14
0.1111111111,0.5555555556,1,#1C8DFF,14
0.1111111111,0.6666666667,0,#1CAA00,10
0.1111111111,0.6666666667,0.1111111111,#1CAA1C,10
0.1111111111,0.6666666667,0.2222222222,#1CAA38,10
0.1111111111,0.6666666667,0.3333333333,#1CAA55,10
0.1111111111,0.6666666667,0.4444444444,#1CAA71,10
0.1111111111,0.6666666667,0.5555555556,#1CAA8D,10
0.1111111111,0.6666666667,0.6666666667,#1CAAAA,14
0.1111111111,0.6666666667,0.7777777778,#1CAAC6,14
0.1111111111,0.6666666667,0.8888888889,#1CAAE2,14
0.1111111111,0.6666666667,1,#1CAAFF,14
0.1111111111,0.7777777778,0,#1CC600,10
0.1111111111,0.7777777778,0.1111111111,#1CC61C,10
0.1111111111,0.7777777778,0.2222222222,#1CC638,10
0.1111111111,0.7777777778,0.3333333333,#1CC655,10
0.1111111111,0.7777777778,0.4444444444,#1CC671,10
0.1111111111,0.7777777778,0.5555555556,#1CC68D,10
0.1111111111,0.7777777778,0.6666666667,#1CC6AA,14
0.1111111111,0.7777777778,0.7777777778,#1CC6C6,14
0.1111111111,0.7777777778,0.8888888889,#1CC6E2,14
0.1111111111,0.7777777778,1,#1CC6FF,14
0.1111111111,0.8888888889,0,#1CE200,10
0.1111111111,0.8888888889,0.1111111111,#1CE21C,10
0.1111111111,0.8888888889,0.2222222222,#1CE238,10
0.1111111111,0.8888888889,0.3333333333,#1CE255,10
0.1111111111,0.8888888889,0.4444444444,#1CE271,10
0.1111111111,0.8888888889,0.5555555556,#1CE28D,10
0.1111111111,0.8888888889,0.6666666667,#1CE2AA,10
0.1111111111,0.8888888889,0.7777777778,#1CE2C6,14
0.1111111111,0.8888888889,0.8888888889,#1CE2E2,14
0.1111111111,0.8888888889,1,#1CE2FF,14
0.1111111111,1,0,#1CFF00,10
0.1111111111,1,0.1111111111,#1CFF1C,10
0.1111111111,1,0.2222222222,#1CFF38,10
0.1111111111,1,0.3333333333,#1CFF55,10
0.1111111111,1,0.4444444444,#1CFF71,10
0.1111111111,1,0.5555555556,#1CFF8D,10
0.1111111111,1,0.6666666667,#1CFFAA,10
0.1111111111,1,0.7777777778,#1CFFC6,14
0.1111111111,1,0.8888888889,#1CFFE2,14
0.1111111111,1,1,#1CFFFF,14
0.2222222222,0,0,#380000,0
0.2222222222,0,0.1111111111,#38001C,0
0.2222222222,0,0.2222222222,#380038,0
0.2222222222,0,0.3333333333,#380055,7
0.2222222222,0,0.4444444444,#380071,7
0.2222222222,0,0.5555555556,#38008D,7
0.2222222222,0,0.6666666667,#3800AA,7
0.2222222222,0,0.7777777778,#3800C6,6
0.2222222222,0,0.8888888889,#3800E2,12
0.2222222222,0,1,#3800FF,12
0.2222222222,0.1111111111,0,#381C00,0
0.2222222222,0.1111111111,0.1111111111,#381C1C,0
0.2222222222,0.1111111111,0.2222222222,#381C38,0
0.2222222222,0.1111111111,0.3333333333,#381C55,7
0.2222222222,0.1111111111,0.4444444444,#381C71,7
0.2222222222,0.1111111111,0.5555555556,#381C8D,7
0.2222222222,0.1111111111,0.6666666667,#381CAA,7
0.2222222222,0.1111111111,0.7777777778,#381CC6,6
0.2222222222,0.1111111111,0.8888888889,#381CE2,12
0.2222222222,0.1111111111,1,#381CFF,12
0.2222222222,0.2222222222,0,#383800,0
0.2222222222,0.2222222222,0.1111111111,#38381C,0
0.2222222222,0.2222222222,0.2222222222,#383838,0
0.2222222222,0.2222222222,0.3333333333,#383855,7
0.2222222222,0.2222222222,0.4444444444,#383871,7
0.2222222222,0.2222222222,0.5555555556,#38388D,7
0.2222222222,0.2222222222,0.6666666667,#3838AA,7
0.2222222222,0.2222222222,0.7777777778,#3838C6,6
0.2222222222,0.2222222222,0.8888888889,#3838E2,12
0.2222222222,0.2222222222,1,#3838FF,12
0.2222222222,0.3333333333,0,#385500,5
0.2222222222,0.3333333333,0.1111111111,#38551C,4
0.2222222222,0.3333333333,0.2222222222,#385538,4
0.2222222222,0.3333333333,0.3333333333,#385555,4
0.2222222222,0.3333333333,0.4444444444,#385571,6
0.2222222222,0.3333333333,0.5555555556,#38558D,6
0.2222222222,0.3333333333,0.6666666667,#3855AA,12
0.2222222222,0.3333333333,0.7777777778,#3855C6,12
0.2222222222,0.3333333333,0.8888888889,#3855E2,12
0.2222222222,0.3333333333,1,#3855FF,14
0.2222222222,0.4444444444,0,#387100,4
0.2222222222,0.4444444444,0.1111111111,#38711C,10
0.2222222222,0.4444444444,0.2222222222,#387138,4
0.2222222222,0.4444444444,0.3333333333,#387155,4
0.2222222222,0.4444444444,0.4444444444,#387171,12
0.2222222222,0.4444444444,0.5555555556,#38718D,12
0.2222222222,0.4444444444,0.6666666667,#3871AA,12
0.2222222222,0.4444444444,0.7777777778,#3871C6,12
0.2222222222,0.4444444444,0.8888888889,#3871E2,12
0.2222222222,0.4444444444,1,#3871FF,14
0.2222222222,0.5555555556,0,#388D00,10
0.2222222222,0.5555555556,0.1111111111,#388D1C,10
0.2222222222,0.5555555556,0.2222222222,#388D38,10
0.2222222222,0.5555555556,0.3333333333,#388D55,10
0.2222222222,0.5555555556,0.4444444444,#388D71,12
0.2222222222,0.5555555556,0.5555555556,#388D8D,12
0.2222222222,0.5555555556,0.6666666667,#388DAA,12
0.2222222222,0.5555555556,0.7777777778,#388DC6,14
0.2222222222,0.5555555556,0.8888888889,#388DE2,14
0.2222222222,0.5555555556,1,#388DFF,14
0.2222222222,0.6666666667,0,#38AA00,10
0.2222222222,0.6666666667,0.1111111111,#38AA1C,10
0.2222222222,0.6666666667,0.2222222222,#38AA38,10
0.2222222222,0.6666666667,0.3333333333,#38AA55,10
0.2222222222,0.6666666667,0.4444444444,#38AA71,10
0.2222222222,0.6666666667,0.5555555556,#38AA8D,10
0.2222222222,0.6666666667,0.6666666667,#38AAAA,14
0.2222222222,0.6666666667,0.7777777778,#38AAC6,14
0.2222222222,0.6666666667,0.8888888889,#38AAE2,14
0.2222222222,0.6666666667,1,#38AAFF,14
0.2222222222,0.7777777778,0,#38C600,10
0.2222222222,0.7777777778,0.1111111111,#38C61C,10
0.2222222222,0.7777777778,0.2222222222,#38C638,10
0.2222222222,0.7777777778,0.3333333333,#38C655,10
0.2222222222,0.7777777778,0.4444444444,#38C671,10
0.2222222222,0.7777777778,0.5555555556,#38C68D,10
0.2222222222,0.7777777778,0.6666666667,#38C6AA,10
0.2222222222,0.7777777778,0.7777777778,#38C6C6,14
0.2222222222,0.7777777778,0.8888888889,#38C6E2,14
0.2222222222,0.7777777778,1,#38C6FF,14
0.2222222222,0.8888888889,0,#38E200,10
0.2222222222,0.8888888889,0.1111111111,#38E21C,10
0.2222222222,0.8888888889,0.2222222222,#38E238,10
0.2222222222,0.8888888889,0.3333333333,#38E255,10
0.2222222222,0.8888888889,0.4444444444,#38E271,10
0.2222222222,0.8888888889,0.5555555556,#38E28D,10
0.2222222222,0.8888888889,0.6666666667,#38E2AA,14
0.2222222222,0.8888888889,0.7777777778,#38E2C6,14
0.2222222222,0.8888888889,0.8888888889,#38E2E2,14
0.2222222222,0.8888888889,1,#38E2FF,14
0.2222222222,1,0,#38FF00,10
0.2222222222,1,0.1111111111,#38FF1C,10
0.2222222222,1,0.2222222222,#38FF38,10
0.2222222222,1,0.3333333333,#38FF55,10
0.2222222222,1,0.4444444444,#38FF71,10
0.2222222222,1,0.5555555556,#38FF8D,10
0.2222222222,1,0.6666666667,#38FFAA,14
0.2222222222,1,0.7777777778,#38FFC6,14
0.2222222222,1,0.8888888889,#38FFE2,14
0.2222222222,1,1,#38FFFF,14
0.3333333333,0,0,#550000,3
0.3333333333,0,0.1111111111,#55001C,3
0.3333333333,0,0.2222222222,#550038,3
0.3333333333,0,0.3333333333,#550055,7
0.3333333333,0,0.4444444444,#550071,7
0.3333333333,0,0.5555555556,#55008D,7
0.3333333333,0,0.6666666667,#5500AA,6
0.3333333333,0,0.7777777778,#5500C6,6
0.3333333333,0,0.8888888889,#5500E2,12
0.3333333333,0,1,#5500FF,12
0.3333333333,0.1111111111,0,#551C00,3
0.3333333333,0.1111111111,0.1111111111,#551C1C,3
0.3333333333,0.1111111111,0.2222222222,#551C38,3
0.3333333333,0.1111111111,0.3333333333,#551C55,7
0.3333333333,0.1111111111,0.4444444444,#551C71,7
0.3333333333,0.1111111111,0.5555555556,#551C8D,7
0.3333333333,0.1111111111,0.6666666667,#551CAA,6
0.3333333333,0.1111111111,0.7777777778,#551CC6,6
0.3333333333,0.1111111111,0.8888888889,#551CE2,12
0.3333333333,0.1111111111,1,#551CFF,12
0.3333333333,0.2222222222,0,#553800,5
0.3333333333,0.2222222222,0.1111111111,#55381C,3
0.3333333333,0.2222222222,0.2222222222,#553838,3
0.3333333333,0.2222222222,0.3333333333,#553855,7
0.3333333333,0.2222222222,0.4444444444,#553871,7
0.3333333333,0.2222222222,0.5555555556,#55388D,7
0.3333333333,0.2222222222,0.6666666667,#5538AA,6
0.3333333333,0.2222222222,0.7777777778,#5538C6,6
0.3333333333,0.2222222222,0.8888888889,#5538E2,12
0.3333333333,0.2222222222,1,#5538FF,12
0.3333333333,0.3333333333,0,#555500,5
0.3333333333,0.3333333333,0.1111111111,#55551C,5
0.3333333333,0.3333333333,0.2222222222,#555538,5
0.3333333333,0.3333333333,0.3333333333,#555555,5
0.3333333333,0.3333333333,0.4444444444,#555571,7
0.3333333333,0.3333333333,0.5555555556,#55558D,7
0.3333333333,0.3333333333,0.6666666667,#5555AA,6
0.3333333333,0.3333333333,0.7777777778,#5555C6,6
0.3333333333,0.3333333333,0.8888888889,#5555E2,12
0.3333333333,0.3333333333,1,#5555FF,12
0.3333333333,0.4444444444,0,#557100,5
0.3333333333,0.4444444444,0.1111111111,#55711C,4
0.3333333333,0.4444444444,0.2222222222,#557138,4
0.3333333333,0.4444444444,0.3333333333,#557155,4
0.3333333333,0.4444444444,0.4444444444,#557171,5
0.3333333333,0.4444444444,0.5555555556,#55718D,6
0.3333333333,0.4444444444,0.6666666667,#5571AA,12
0.3333333333,0.4444444444,0.7777777778,#5571C6,12
0.3333333333,0.4444444444,0.8888888889,#5571E2,12
0.3333333333,0.4444444444,1,#5571FF,12
0.3333333333,0.5555555556,0,#558D00,5
0.3333333333,0.5555555556,0.1111111111,#558D1C,4
0.3333333333,0.5555555556,0.2222222222,#558D38,10
0.3333333333,0.5555555556,0.3333333333,#558D55,10
0.3333333333,0.5555555556,0.4444444444,#558D71,4
0.3333333333,0.5555555556,0.5555555556,#558D8D,12
0.3333333333,0.5555555556,0.6666666667,#558DAA,12
0.3333333333,0.5555555556,0.7777777778,#558DC6,12
0.3333333333,0.5555555556,0.8888888889,#558DE2,14
0.3333333333,0.5555555556,1,#558DFF,14
0.3333333333,0.6666666667,0,#55AA00,10
0.3333333333,0.6666666667,0.1111111111,#55AA1C,10
0.3333333333,0.6666666667,0.2222222222,#55AA38,10
0.3333333333,0.6666666667,0.3333333333,#55AA55,10
0.3333333333,0.6666666667,0.4444444444,#55AA71,10
0.3333333333,0.6666666667,0.5555555556,#55AA8D,10
0.3333333333,0.6666666667,0.6666666667,#55AAAA,14
0.3333333333,0.6666666667,0.7777777778,#55AAC6,14
0.3333333333,0.6666666667,0.8888888889,#55AAE2,14
0.3333333333,0.6666666667,1,#55AAFF,14
0.3333333333,0.7777777778,0,#55C600,10
0.3333333333,0.7777777778,0.1111111111,#55C61C,10
0.3333333333,0.7777777778,0.2222222222,#55C638,10
0.3333333333,0.7777777778,0.3333333333,#55C655,10
0.3333333333,0.7777777778,0.4444444444,#55C671,10
0.3333333333,0.7777777778,0.5555555556,#55C68D,10
0.3333333333,0.7777777778,0.6666666667,#55C6AA,14
0.3333333333,0.7777777778,0.7777777778,#55C6C6,14
0.3333333333,0.7777777778,0.8888888889,#55C6E2,14
0.3333333333,0.7777777778,1,#55C6FF,14
0.3333333333,0.8888888889,0,#55E200,10
0.3333333333,0.8888888889,0.1111111111,#55E21C,10
0.3333333333,0.8888888889,0.2222222222,#55E238,10
0.3333333333,0.8888888889,0.3333333333,#55E255,10
0.3333333333,0.8888888889,0.4444444444,#55E271,10
0.3333333333,0.8888888889,0.5555555556,#55E28D,10
0.3333333333,0.8888888889,0.6666666667,#55E2AA,10
0.3333333333,0.8888888889,0.7777777778,#55E2C6,14
0.3333333333,0.8888888889,0.8888888889,#55E2E2,14
0.3333333333,0.8888888889,1,#55E2FF,14
0.3333333333,1,0,#55FF00,10
0.3333333333,1,0.1111111111,#55FF1C,10
0.3333333333,1,0.2222222222,#55FF38,10
0.3333333333,1,0.3333333333,#55FF55,10
0.3333333333,1,0.4444444444,#55FF71,10
0.3333333333,1,0.5555555556,#55FF8D,10
0.3333333333,1,0.6666666667,#55FFAA,10
0.3333333333,1,0.7777777778,#55FFC6,10
0.3333333333,1,0.8888888889,#55FFE2,14
0.3333333333,1,1,#55FFFF,14
0.4444444444,0,0,#710000,3
0.4444444444,0,0.1111111111,#71001C,3
0.4444444444,0,0.2222222222,#710038,3
0.4444444444,0,0.3333333333,#710055,7
0.4444444444,0,0.4444444444,#710071,7
0.4444444444,0,0.5555555556,#71008D,7
0.4444444444,0,0.6666666667,#7100AA,12
0.4444444444,0,0.7777777778,#7100C6,13
0.4444444444,0,0.8888888889,#7100E2,12
0.4444444444,0,1,#7100FF,12
0.4444444444,0.1111111111,0,#711C00,3
0.4444444444,0.1111111111,0.1111111111,#711C1C,3
0.4444444444,0.1111111111,0.2222222222,#711C38,3
0.4444444444,0.1111111111,0.3333333333,#711C55,7
0.4444444444,0.1111111111,0.4444444444,#711C71,7
0.4444444444,0.1111111111,0.5555555556,#711C8D,7
0.4444444444,0.1111111111,0.6666666667,#711CAA,7
0.4444444444,0.1111111111,0.7777777778,#711CC6,12
0.4444444444,0.1111111111,0.8888888889,#711CE2,12
0.4444444444,0.1111111111,1,#711CFF,12
0.4444444444,0.2222222222,0,#713800,3
0.4444444444,0.2222222222,0.1111111111,#71381C,3
0.4444444444,0.2222222222,0.2222222222,#713838,3
0.4444444444,0.2222222222,0.3333333333,#713855,7
0.4444444444,0.2222222222,0.4444444444,#713871,7
0.4444444444,0.2222222222,0.5555555556,#71388D,7
0.4444444444,0.2222222222,0.6666666667,#7138AA,7
0.4444444444,0.2222222222,0.7777777778,#7138C6,12
0.4444444444,0.2222222222,0.8888888889,#7138E2,12
0.4444444444,0.2222222222,1,#7138FF,12
0.4444444444,0.3333333333,0,#715500,5
0.4444444444,0.3333333333,0.1111111111,#71551C,5
0.4444444444,0.3333333333,0.2222222222,#715538,5
0.4444444444,0.3333333333,0.3333333333,#715555,5
0.4444444444,0.3333333333,0.4444444444,#715571,6
0.4444444444,0.3333333333,0.5555555556,#71558D,6
0.4444444444,0.3333333333,0.6666666667,#7155AA,6
0.4444444444,0.3333333333,0.7777777778,#7155C6,12
0.4444444444,0.3333333333,0.8888888889,#7155E2,12
0.4444444444,0.3333333333,1,#7155FF,14
0.4444444444,0.4444444444,0,#717100,5
0.4444444444,0.4444444444,0.1111111111,#71711C,5
0.4444444444,0.4444444444,0.2222222222,#717138,5
0.4444444444,0.4444444444,0.3333333333,#717155,5
0.4444444444,0.4444444444,0.4444444444,#717171,12
0.4444444444,0.4444444444,0.5555555556,#71718D,12
0.4444444444,0.4444444444,0.6666666667,#7171AA,12
0.4444444444,0.4444444444,0.7777777778,#7171C6,12
0.4444444444,0.4444444444,0.8888888889,#7171E2,12
0.4444444444,0.4444444444,1,#7171FF,14
0.4444444444,0.5555555556,0,#718D00,5
0.4444444444,0.5555555556,0.1111111111,#718D1C,10
0.4444444444,0.5555555556,0.2222222222,#718D38,10
0.4444444444,0.5555555556,0.3333333333,#718D55,10
0.4444444444,0.5555555556,0.4444444444,#718D71,10
0.4444444444,0.5555555556,0.5555555556,#718D8D,12
0.4444444444,0.5555555556,0.6666666667,#718DAA,12
0.4444444444,0.5555555556,0.7777777778,#718DC6,12
0.4444444444,0.5555555556,0.8888888889,#718DE2,12
0.4444444444,0.5555555556,1,#718DFF,14
0.4444444444,0.6666666667,0,#71AA00,4
0.4444444444,0.6666666667,0.1111111111,#71AA1C,10
0.4444444444,0.6666666667,0.2222222222,#71AA38,10
0.4444444444,0.6666666667,0.3333333333,#71AA55,10
0.4444444444,0.6666666667,0.4444444444,#71AA71,10
0.4444444444,0.6666666667,0.5555555556,#71AA8D,10
0.4444444444,0.6666666667,0.6666666667,#71AAAA,14
0.4444444444,0.6666666667,0.7777777778,#71AAC6,14
0.4444444444,0.6666666667,0.8888888889,#71AAE2,14
0.4444444444,0.6666666667,1,#71AAFF,14
0.4444444444,0.7777777778,0,#71C600,10
0.4444444444,0.7777777778,0.1111111111,#71C61C,10
0.4444444444,0.7777777778,0.2222222222,#71C638,10
0.4444444444,0.7777777778,0.3333333333,#71C655,10
0.4444444444,0.7777777778,0.4444444444,#71C671,10
0.4444444444,0.7777777778,0.5555555556,#71C68D,10
0.4444444444,0.7777777778,0.6666666667,#71C6AA,14
0.4444444444,0.7777777778,0.7777777778,#71C6C6,14
0.4444444444,0.7777777778,0.8888888889,#71C6E2,14
0.4444444444,0.7777777778,1,#71C6FF,14
0.4444444444,0.8888888889,0,#71E200,4
0.4444444444,0.8888888889,0.1111111111,#71E21C,10
0.4444444444,0.8888888889,0.2222222222,#71E238,10
0.4444444444,0.8888888889,0.3333333333,#71E255,10
0.4444444444,0.8888888889,0.4444444444,#71E271,10
0.4444444444,0.8888888889,0.5555555556,#71E28D,10
0.4444444444,0.8888888889,0.6666666667,#71E2AA,14
0.4444444444,0.8888888889,0.7777777778,#71E2C6,14
0.4444444444,0.8888888889,0.8888888889,#71E2E2,14
0.4444444444,0.8888888889,1,#71E2FF,14
0.4444444444,1,0,#71FF00,4
0.4444444444,1,0.1111111111,#71FF1C,10
0.4444444444,1,0.2222222222,#71FF38,10
0.4444444444,1,0.3333333333,#71FF55,10
0.4444444444,1,0.4444444444,#71FF71,10
0.4444444444,1,0.5555555556,#71FF8D,10
0.4444444444,1,0.6666666667,#71FFAA,14
0.4444444444,1,0.7777777778,#71FFC6,14
0.4444444444,1,0.8888888889,#71FFE2,14
0.4444444444,1,1,#71FFFF,14
0.5555555556,0,0,#8D0000,3
0.5555555556,0,0.1111111111,#8D001C,3
0.5555555556,0,0.2222222222,#8D0038,13
0.5555555556,0,0.3333333333,#8D0055,13
0.5555555556,0,0.4444444444,#8D0071,13
0.5555555556,0,0.5555555556,#8D008D,13
0.5555555556,0,0.6666666667,#8D00AA,12
0.5555555556,0,0.7777777778,#8D00C6,13
0.5555555556,0,0.8888888889,#8D00E2,13
0.5555555556,0,1,#8D00FF,13
0.5555555556,0.1111111111,0,#8D1C00,3
0.5555555556,0.1111111111,0.1111111111,#8D1C1C,3
0.5555555556,0.1111111111,0.2222222222,#8D1C38,13
0.5555555556,0.1111111111,0.3333333333,#8D1C55,13
0.5555555556,0.1111111111,0.4444444444,#8D1C71,13
0.5555555556,0.1111111111,0.5555555556,#8D1C8D,13
0.5555555556,0.1111111111,0.6666666667,#8D1CAA,12
0.5555555556,0.1111111111,0.7777777778,#8D1CC6,13
0.5555555556,0.1111111111,0.8888888889,#8D1CE2,13
0.5555555556,0.1111111111,1,#8D1CFF,13
0.5555555556,0.2222222222,0,#8D3800,3
0.5555555556,0.2222222222,0.1111111111,#8D381C,3
0.5555555556,0.2222222222,0.2222222222,#8D3838,13
0.5555555556,0.2222222222,0.3333333333,#8D3855,13
0.5555555556,0.2222222222,0.4444444444,#8D3871,13
0.5555555556,0.2222222222,0.5555555556,#8D388D,13
0.5555555556,0.2222222222,0.6666666667,#8D38AA,12
0.5555555556,0.2222222222,0.7777777778,#8D38C6,13
0.5555555556,0.2222222222,0.8888888889,#8D38E2,13
0.5555555556,0.2222222222,1,#8D38FF,13
0.5555555556,0.3333333333,0,#8D5500,5
0.5555555556,0.3333333333,0.1111111111,#8D551C,5
0.5555555556,0.3333333333,0.2222222222,#8D5538,5
0.5555555556,0.3333333333,0.3333333333,#8D5555,5
0.5555555556,0.3333333333,0.4444444444,#8D5571,7
0.5555555556,0.3333333333,0.5555555556,#8D558D,7
0.5555555556,0.3333333333,0.6666666667,#8D55AA,7
0.5555555556,0.3333333333,0.7777777778,#8D55C6,7
0.5555555556,0.3333333333,0.8888888889,#8D55E2,7
0.5555555556,0.3333333333,1,#8D55FF,12
0.5555555556,0.4444444444,0,#8D7100,5
0.5555555556,0.4444444444,0.1111111111,#8D711C,5
0.5555555556,0.4444444444,0.2222222222,#8D7138,5
0.5555555556,0.4444444444,0.3333333333,#8D7155,5
0.5555555556,0.4444444444,0.4444444444,#8D7171,7
0.5555555556,0.4444444444,0.5555555556,#8D718D,7
0.5555555556,0.4444444444,0.6666666667,#8D71AA,7
0.5555555556,0.4444444444,0.7777777778,#8D71C6,7
0.5555555556,0.4444444444,0.8888888889,#8D71E2,7
0.5555555556,0.4444444444,1,#8D71FF,12
0.5555555556,0.5555555556,0,#8D8D00,5
0.5555555556,0.5555555556,0.1111111111,#8D8D1C,11
0.5555555556,0.5555555556,0.2222222222,#8D8D38,11
0.5555555556,0.5555555556,0.3333333333,#8D8D55,10
0.5555555556,0.5555555556,0.4444444444,#8D8D71,10
0.5555555556,0.5555555556,0.5555555556,#8D8D8D,10
0.5555555556,0.5555555556,0.6666666667,#8D8DAA,12
0.5555555556,0.5555555556,0.7777777778,#8D8DC6,12
0.5555555556,0.5555555556,0.8888888889,#8D8DE2,14
0.5555555556,0.5555555556,1,#8D8DFF,14
0.5555555556,0.6666666667,0,#8DAA00,10
0.5555555556,0.6666666667,0.1111111111,#8DAA1C,10
0.5555555556,0.6666666667,0.2222222222,#8DAA38,10
0.5555555556,0.6666666667,0.3333333333,#8DAA55,10
0.5555555556,0.6666666667,0.4444444444,#8DAA71,10
0.5555555556,0.6666666667,0.5555555556,#8DAA8D,14
0.5555555556,0.6666666667,0.6666666667,#8DAAAA,14
0.5555555556,0.6666666667,0.7777777778,#8DAAC6,14
0.5555555556,0.6666666667,0.8888888889,#8DAAE2,14
0.5555555556,0.6666666667,1,#8DAAFF,14
0.5555555556,0.7777777778,0,#8DC600,10
0.5555555556,0.7777777778,0.1111111111,#8DC61C,10
0.5555555556,0.7777777778,0.2222222222,#8DC638,10
0.5555555556,0.7777777778,0.3333333333,#8DC655,10
0.5555555556,0.7777777778,0.4444444444,#8DC671,10
0.5555555556,0.7777777778,0.5555555556,#8DC68D,10
0.5555555556,0.7777777778,0.6666666667,#8DC6AA,14
0.5555555556,0.7777777778,0.7777777778,#8DC6C6,14
0.5555555556,0.7777777778,0.8888888889,#8DC6E2,14
0.5555555556,0.7777777778,1,#8DC6FF,14
0.5555555556,0.8888888889,0,#8DE200,10
0.5555555556,0.8888888889,0.1111111111,#8DE21C,10
0.5555555556,0.8888888889,0.2222222222,#8DE238,10
0.5555555556,0.8888888889,0.3333333333,#8DE255,10
0.5555555556,0.8888888889,0.4444444444,#8DE271,10
0.5555555556,0.8888888889,0.5555555556,#8DE28D,10
0.5555555556,0.8888888889,0.6666666667,#8DE2AA,10
0.5555555556,0.8888888889,0.7777777778,#8DE2C6,14
0.5555555556,0.8888888889,0.8888888889,#8DE2E2,14
0.5555555556,0.8888888889,1,#8DE2FF,14
0.5555555556,1,0,#8DFF00,10
0.5555555556,1,0.1111111111,#8DFF1C,10
0.5555555556,1,0.2222222222,#8DFF38,10
0.5555555556,1,0.3333333333,#8DFF55,10
0.5555555556,1,0.4444444444,#8DFF71,10
0.5555555556,1,0.5555555556,#8DFF8D,10
0.5555555556,1,0.6666666667,#8DFFAA,10
0.5555555556,1,0.7777777778,#8DFFC6,14
0.5555555556,1,0.8888888889,#8DFFE2,14
0.5555555556,1,1,#8DFFFF,14
0.6666666667,0,0,#AA0000,9
0.6666666667,0,0.1111111111,#AA001C,9
0.6666666667,0,0.2222222222,#AA0038,9
0.6666666667,0,0.3333333333,#AA0055,13
0.6666666667,0,0.4444444444,#AA0071,13
0.6666666667,0,0.5555555556,#AA008D,13
0.6666666667,0,0.6666666667,#AA00AA,13
0.6666666667,0,0.7777777778,#AA00C6,13
0.6666666667,0,0.8888888889,#AA00E2,13
0.6666666667,0,1,#AA00FF,13
0.6666666667,0.1111111111,0,#AA1C00,9
0.6666666667,0.1111111111,0.1111111111,#AA1C1C,9
0.6666666667,0.1111111111,0.2222222222,#AA1C38,9
0.6666666667,0.1111111111,0.3333333333,#AA1C55,9
0.6666666667,0.1111111111,0.4444444444,#AA1C71,13
0.6666666667,0.1111111111,0.5555555556,#AA1C8D,13
0.6666666667,0.1111111111,0.6666666667,#AA1CAA,13
0.6666666667,0.1111111111,0.7777777778,#AA1CC6,13
0.6666666667,0.1111111111,0.8888888889,#AA1CE2,13
0.6666666667,0.1111111111,1,#AA1CFF,13
0.6666666667,0.2222222222,0,#AA3800,9
0.6666666667,0.2222222222,0.1111111111,#AA381C,9
0.6666666667,0.2222222222,0.2222222222,#AA3838,9
0.6666666667,0.2222222222,0.3333333333,#AA3855,9
0.6666666667,0.2222222222,0.4444444444,#AA3871,9
0.6666666667,0.2222222222,0.5555555556,#AA388D,13
0.6666666667,0.2222222222,0.6666666667,#AA38AA,13
0.6666666667,0.2222222222,0.7777777778,#AA38C6,13
0.6666666667,0.2222222222,0.8888888889,#AA38E2,13
0.6666666667,0.2222222222,1,#AA38FF,13
0.6666666667,0.3333333333,0,#AA5500,9
0.6666666667,0.3333333333,0.1111111111,#AA551C,9
0.6666666667,0.3333333333,0.2222222222,#AA5538,9
0.6666666667,0.3333333333,0.3333333333,#AA5555,9
0.6666666667,0.3333333333,0.4444444444,#AA5571,13
0.6666666667,0.3333333333,0.5555555556,#AA558D,13
0.6666666667,0.3333333333,0.6666666667,#AA55AA,13
0.6666666667,0.3333333333,0.7777777778,#AA55C6,13
0.6666666667,0.3333333333,0.8888888889,#AA55E2,13
0.6666666667,0.3333333333,1,#AA55FF,13
0.6666666667,0.4444444444,0,#AA7100,5
0.6666666667,0.4444444444,0.1111111111,#AA711C,5
0.6666666667,0.4444444444,0.2222222222,#AA7138,5
0.6666666667,0.4444444444,0.3333333333,#AA7155,5
0.6666666667,0.4444444444,0.4444444444,#AA7171,13
0.6666666667,0.4444444444,0.5555555556,#AA718D,13
0.6666666667,0.4444444444,0.6666666667,#AA71AA,13
0.6666666667,0.4444444444,0.7777777778,#AA71C6,13
0.6666666667,0.4444444444,0.8888888889,#AA71E2,14
0.6666666667,0.4444444444,1,#AA71FF,14
0.6666666667,0.5555555556,0,#AA8D00,5
0.6666666667,0.5555555556,0.1111111111,#AA8D1C,11
0.6666666667,0.5555555556,0.2222222222,#AA8D38,11
0.6666666667,0.5555555556,0.3333333333,#AA8D55,11
0.6666666667,0.5555555556,0.4444444444,#AA8D71,11
0.6666666667,0.5555555556,0.5555555556,#AA8D8D,13
0.6666666667,0.5555555556,0.6666666667,#AA8DAA,12
0.6666666667,0.5555555556,0.7777777778,#AA8DC6,12
0.6666666667,0.5555555556,0.8888888889,#AA8DE2,12
0.6666666667,0.5555555556,1,#AA8DFF,12
0.6666666667,0.6666666667,0,#AAAA00,10
0.6666666667,0.6666666667,0.1111111111,#AAAA1C,10
0.6666666667,0.6666666667,0.2222222222,#AAAA38,10
0.6666666667,0.6666666667,0.3333333333,#AAAA55,10
0.6666666667,0.6666666667,0.4444444444,#AAAA71,10
0.6666666667,0.6666666667,0.5555555556,#AAAA8D,12
0.6666666667,0.6666666667,0.6666666667,#AAAAAA,12
0.6666666667,0.6666666667,0.7777777778,#AAAAC6,12
0.6666666667,0.6666666667,0.8888888889,#AAAAE2,12
0.6666666667,0.6666666667,1,#AAAAFF,12
0.6666666667,0.7777777778,0,#AAC600,10
0.6666666667,0.7777777778,0.1111111111,#AAC61C,10
0.6666666667,0.7777777778,0.2222222222,#AAC638,10
0.6666666667,0.7777777778,0.3333333333,#AAC655,10
0.6666666667,0.7777777778,0.4444444444,#AAC671,10
0.6666666667,0.7777777778,0.5555555556,#AAC68D,10
0.6666666667,0.7777777778,0.6666666667,#AAC6AA,14
0.6666666667,0.7777777778,0.7777777778,#AAC6C6,14
0.6666666667,0.7777777778,0.8888888889,#AAC6E2,14
0.6666666667,0.7777777778,1,#AAC6FF,14
0.6666666667,0.8888888889,0,#AAE200,10
0.6666666667,0.8888888889,0.1111111111,#AAE21C,10
0.6666666667,0.8888888889,0.2222222222,#AAE238,10
0.6666666667,0.8888888889,0.3333333333,#AAE255,10
0.6666666667,0.8888888889,0.4444444444,#AAE271,10
0.6666666667,0.8888888889,0.5555555556,#AAE28D,10
0.6666666667,0.8888888889,0.6666666667,#AAE2AA,10
0.6666666667,0.8888888889,0.7777777778,#AAE2C6,14
0.6666666667,0.8888888889,0.8888888889,#AAE2E2,14
0.6666666667,0.8888888889,1,#AAE2FF,14
0.6666666667,1,0,#AAFF00,10
0.6666666667,1,0.1111111111,#AAFF1C,10
0.6666666667,1,0.2222222222,#AAFF38,10
0.6666666667,1,0.3333333333,#AAFF55,10
0.6666666667,1,0.4444444444,#AAFF71,10
0.6666666667,1,0.5555555556,#AAFF8D,10
0.6666666667,1,0.6666666667,#AAFFAA,10
0.6666666667,1,0.7777777778,#AAFFC6,14
0.6666666667,1,0.8888888889,#AAFFE2,14
0.6666666667,1,1,#AAFFFF,1
0.7777777778,0,0,#C60000,9
0.7777777778,0,0.1111111111,#C6001C,9
0.7777777778,0,0.2222222222,#C60038,9
0.7777777778,0,0.3333333333,#C60055,13
0.7777777778,0,0.4444444444,#C60071,13
0.7777777778,0,0.5555555556,#C6008D,13
0.7777777778,0,0.6666666667,#C600AA,13
0.7777777778,0,0.7777777778,#C600C6,13
0.7777777778,0,0.8888888889,#C600E2,13
0.7777777778,0,1,#C600FF,13
0.7777777778,0.1111111111,0,#C61C00,9
0.7777777778,0.1111111111,0.1111111111,#C61C1C,9
0.7777777778,0.1111111111,0.2222222222,#C61C38,9
0.7777777778,0.1111111111,0.3333333333,#C61C55,9
0.7777777778,0.1111111111,0.4444444444,#C61C71,9
0.7777777778,0.1111111111,0.5555555556,#C61C8D,9
0.7777777778,0.1111111111,0.6666666667,#C61CAA,13
0.7777777778,0.1111111111,0.7777777778,#C61CC6,13
0.7777777778,0.1111111111,0.8888888889,#C61CE2,13
0.7777777778,0.1111111111,1,#C61CFF,13
0.7777777778,0.2222222222,0,#C63800,9
0.7777777778,0.2222222222,0.1111111111,#C6381C,9
0.7777777778,0.2222222222,0.2222222222,#C63838,9
0.7777777778,0.2222222222,0.3333333333,#C63855,9
0.7777777778,0.2222222222,0.4444444444,#C63871,9
0.7777777778,0.2222222222,0.5555555556,#C6388D,9
0.7777777778,0.2222222222,0.6666666667,#C638AA,13
0.7777777778,0.2222222222,0.7777777778,#C638C6,13
0.7777777778,0.2222222222,0.8888888889,#C638E2,13
0.7777777778,0.2222222222,1,#C638FF,13
0.7777777778,0.3333333333,0,#C65500,9
0.7777777778,0.3333333333,0.1111111111,#C6551C,9
0.7777777778,0.3333333333,0.2222222222,#C65538,9
0.7777777778,0.3333333333,0.3333333333,#C65555,9
0.7777777778,0.3333333333,0.4444444444,#C65571,9
0.7777777778,0.3333333333,0.5555555556,#C6558D,9
0.7777777778,0.3333333333,0.6666666667,#C655AA,13
0.7777777778,0.3333333333,0.7777777778,#C655C6,13
0.7777777778,0.3333333333,0.8888888889,#C655E2,13
0.7777777778,0.3333333333,1,#C655FF,13
0.7777777778,0.4444444444,0,#C67100,9
0.7777777778,0.4444444444,0.1111111111,#C6711C,9
0.7777777778,0.4444444444,0.2222222222,#C67138,9
0.7777777778,0.4444444444,0.3333333333,#C67155,9
0.7777777778,0.4444444444,0.4444444444,#C67171,9
0.7777777778,0.4444444444,0.5555555556,#C6718D,13
0.7777777778,0.4444444444,0.6666666667,#C671AA,13
0.7777777778,0.4444444444,0.7777777778,#C671C6,13
0.7777777778,0.4444444444,0.8888888889,#C671E2,13
0.7777777778,0.4444444444,1,#C671FF,13
0.7777777778,0.5555555556,0,#C68D00,11
0.7777777778,0.5555555556,0.1111111111,#C68D1C,11
0.7777777778,0.5555555556,0.2222222222,#C68D38,11
0.7777777778,0.5555555556,0.3333333333,#C68D55,11
0.7777777778,0.5555555556,0.4444444444,#C68D71,11
0.7777777778,0.5555555556,0.5555555556,#C68D8D,11
0.7777777778,0.5555555556,0.6666666667,#C68DAA,11
0.7777777778,0.5555555556,0.7777777778,#C68DC6,13
0.7777777778,0.5555555556,0.8888888889,#C68DE2,13
0.7777777778,0.5555555556,1,#C68DFF,13
0.7777777778,0.6666666667,0,#C6AA00,11
0.7777777778,0.6666666667,0.1111111111,#C6AA1C,11
0.7777777778,0.6666666667,0.2222222222,#C6AA38,11
0.7777777778,0.6666666667,0.3333333333,#C6AA55,11
0.7777777778,0.6666666667,0.4444444444,#C6AA71,11
0.7777777778,0.6666666667,0.5555555556,#C6AA8D,11
0.7777777778,0.6666666667,0.6666666667,#C6AAAA,11
0.7777777778,0.6666666667,0.7777777778,#C6AAC6,12
0.7777777778,0.6666666667,0.8888888889,#C6AAE2,12
0.7777777778,0.6666666667,1,#C6AAFF,12
0.7777777778,0.7777777778,0,#C6C600,11
0.7777777778,0.7777777778,0.1111111111,#C6C61C,11
0.7777777778,0.7777777778,0.2222222222,#C6C638,11
0.7777777778,0.7777777778,0.3333333333,#C6C655,11
0.7777777778,0.7777777778,0.4444444444,#C6C671,11
0.7777777778,0.7777777778,0.5555555556,#C6C68D,11
0.7777777778,0.7777777778,0.6666666667,#C6C6AA,1
0.7777777778,0.7777777778,0.7777777778,#C6C6C6,1
0.7777777778,0.7777777778,0.8888888889,#C6C6E2,1
0.7777777778,0.7777777778,1,#C6C6FF,14
0.7777777778,0.8888888889,0,#C6E200,10
0.7777777778,0.8888888889,0.1111111111,#C6E21C,10
0.7777777778,0.8888888889,0.2222222222,#C6E238,11
0.7777777778,0.8888888889,0.3333333333,#C6E255,11
0.7777777778,0.8888888889,0.4444444444,#C6E271,11
0.7777777778,0.8888888889,0.5555555556,#C6E28D,11
0.7777777778,0.8888888889,0.6666666667,#C6E2AA,11
0.7777777778,0.8888888889,0.7777777778,#C6E2C6,1
0.7777777778,0.8888888889,0.8888888889,#C6E2E2,14
0.7777777778,0.8888888889,1,#C6E2FF,14
0.7777777778,1,0,#C6FF00,10
0.7777777778,1,0.1111111111,#C6FF1C,10
0.7777777778,1,0.2222222222,#C6FF38,10
0.7777777778,1,0.3333333333,#C6FF55,10
0.7777777778,1,0.4444444444,#C6FF71,10
0.7777777778,1,0.5555555556,#C6FF8D,10
0.7777777778,1,0.6666666667,#C6FFAA,10
0.7777777778,1,0.7777777778,#C6FFC6,10
0.7777777778,1,0.8888888889,#C6FFE2,10
0.7777777778,1,1,#C6FFFF,2
0.8888888889,0,0,#E20000,9
0.8888888889,0,0.1111111111,#E2001C,9
0.8888888889,0,0.2222222222,#E20038,9
0.8888888889,0,0.3333333333,#E20055,13
0.8888888889,0,0.4444444444,#E20071,13
0.8888888889,0,0.5555555556,#E2008D,13
0.8888888889,0,0.6666666667,#E200AA,13
0.8888888889,0,0.7777777778,#E200C6,13
0.8888888889,0,0.8888888889,#E200E2,13
0.8888888889,0,1,#E200FF,13
0.8888888889,0.1111111111,0,#E21C00,9
0.8888888889,0.1111111111,0.1111111111,#E21C1C,9
0.8888888889,0.1111111111,0.2222222222,#E21C38,9
0.8888888889,0.1111111111,0.3333333333,#E21C55,9
0.8888888889,0.1111111111,0.4444444444,#E21C71,9
0.8888888889,0.1111111111,0.5555555556,#E21C8D,9
0.8888888889,0.1111111111,0.6666666667,#E21CAA,13
0.8888888889,0.1111111111,0.7777777778,#E21CC6,13
0.8888888889,0.1111111111,0.8888888889,#E21CE2,13
0.8888888889,0.1111111111,1,#E21CFF,13
0.8888888889,0.2222222222,0,#E23800,9
0.8888888889,0.2222222222,0.1111111111,#E2381C,9
0.8888888889,0.2222222222,0.2222222222,#E23838,9
0.8888888889,0.2222222222,0.3333333333,#E23855,9
0.8888888889,0.2222222222,0.4444444444,#E23871,9
0.8888888889,0.2222222222,0.5555555556,#E2388D,9
0.8888888889,0.2222222222,0.6666666667,#E238AA,13
0.8888888889,0.2222222222,0.7777777778,#E238C6,13
0.8888888889,0.2222222222,0.8888888889,#E238E2,13
0.8888888889,0.2222222222,1,#E238FF,13
0.8888888889,0.3333333333,0,#E25500,9
0.8888888889,0.3333333333,0.1111111111,#E2551C,9
0.8888888889,0.3333333333,0.2222222222,#E25538,9
0.8888888889,0.3333333333,0.3333333333,#E25555,9
0.8888888889,0.3333333333,0.4444444444,#E25571,9
0.8888888889,0.3333333333,0.5555555556,#E2558D,9
0.8888888889,0.3333333333,0.6666666667,#E255AA,13
0.8888888889,0.3333333333,0.7777777778,#E255C6,13
0.8888888889,0.3333333333,0.8888888889,#E255E2,13
0.8888888889,0.3333333333,1,#E255FF,13
0.8888888889,0.4444444444,0,#E27100,9
0.8888888889,0.4444444444,0.1111111111,#E2711C,9
0.8888888889,0.4444444444,0.2222222222,#E27138,9
0.8888888889,0.4444444444,0.3333333333,#E27155,9
0.8888888889,0.4444444444,0.4444444444,#E27171,9
0.8888888889,0.4444444444,0.5555555556,#E2718D,13
0.8888888889,0.4444444444,0.6666666667,#E271AA,13
0.8888888889,0.4444444444,0.7777777778,#E271C6,13
0.8888888889,0.4444444444,0.8888888889,#E271E2,13
0.8888888889,0.4444444444,1,#E271FF,13
0.8888888889,0.5555555556,0,#E28D00,9
0.8888888889,0.5555555556,0.1111111111,#E28D1C,9
0.8888888889,0.5555555556,0.2222222222,#E28D38,9
0.8888888889,0.5555555556,0.3333333333,#E28D55,9
0.8888888889,0.5555555556,0.4444444444,#E28D71,9
0.8888888889,0.5555555556,0.5555555556,#E28D8D,9
0.8888888889,0.5555555556,0.6666666667,#E28DAA,13
0.8888888889,0.5555555556,0.7777777778,#E28DC6,13
0.8888888889,0.5555555556,0.8888888889,#E28DE2,13
0.8888888889,0.5555555556,1,#E28DFF,13
0.8888888889,0.6666666667,0,#E2AA00,11
0.8888888889,0.6666666667,0.1111111111,#E2AA1C,11
0.8888888889,0.6666666667,0.2222222222,#E2AA38,11
0.8888888889,0.6666666667,0.3333333333,#E2AA55,11
0.8888888889,0.6666666667,0.4444444444,#E2AA71,11
0.8888888889,0.6666666667,0.5555555556,#E2AA8D,11
0.8888888889,0.6666666667,0.6666666667,#E2AAAA,11
0.8888888889,0.6666666667,0.7777777778,#E2AAC6,13
0.8888888889,0.6666666667,0.8888888889,#E2AAE2,13
0.8888888889,0.6666666667,1,#E2AAFF,13
0.8888888889,0.7777777778,0,#E2C600,11
0.8888888889,0.7777777778,0.1111111111,#E2C61C,11
0.8888888889,0.7777777778,0.2222222222,#E2C638,11
0.8888888889,0.7777777778,0.3333333333,#E2C655,11
0.8888888889,0.7777777778,0.4444444444,#E2C671,11
0.8888888889,0.7777777778,0.5555555556,#E2C68D,11
0.8888888889,0.7777777778,0.6666666667,#E2C6AA,11
0.8888888889,0.7777777778,0.7777777778,#E2C6C6,13
0.8888888889,0.7777777778,0.8888888889,#E2C6E2,13
0.8888888889,0.7777777778,1,#E2C6FF,13
0.8888888889,0.8888888889,0,#E2E200,11
0.8888888889,0.8888888889,0.1111111111,#E2E21C,11
0.8888888889,0.8888888889,0.2222222222,#E2E238,11
0.8888888889,0.8888888889,0.3333333333,#E2E255,11
0.8888888889,0.8888888889,0.4444444444,#E2E271,11
0.8888888889,0.8888888889,0.5555555556,#E2E28D,11
0.8888888889,0.8888888889,0.6666666667,#E2E2AA,11
0.8888888889,0.8888888889,0.7777777778,#E2E2C6,1
0.8888888889,0.8888888889,0.8888888889,#E2E2E2,1
0.8888888889,0.8888888889,1,#E2E2FF,1
0.8888888889,1,0,#E2FF00,11
0.8888888889,1,0.1111111111,#E2FF1C,11
0.8888888889,1,0.2222222222,#E2FF38,11
0.8888888889,1,0.3333333333,#E2FF55,11
0.8888888889,1,0.4444444444,#E2FF71,11
0.8888888889,1,0.5555555556,#E2FF8D,11
0.8888888889,1,0.6666666667,#E2FFAA,11
0.8888888889,1,0.7777777778,#E2FFC6,11
0.8888888889,1,0.8888888889,#E2FFE2,2
0.8888888889,1,1,#E2FFFF,2
1,0,0,#FF0000,9
1,0,0.1111111111,#FF001C,9
1,0,0.2222222222,#FF0038,9
1,0,0.3333333333,#FF0055,9
1,0,0.4444444444,#FF0071,13
1,0,0.5555555556,#FF008D,13
1,0,0.6666666667,#FF00AA,13
1,0,0.7777777778,#FF00C6,13
1,0,0.8888888889,#FF00E2,13
1,0,1,#FF00FF,13
1,0.1111111111,0,#FF1C00,9
1,0.1111111111,0.1111111111,#FF1C1C,9
1,0.1111111111,0.2222222222,#FF1C38,9
1,0.1111111111,0.3333333333,#FF1C55,9
1,0.1111111111,0.4444444444,#FF1C71,9
1,0.1111111111,0.5555555556,#FF1C8D,13
1,0.1111111111,0.6666666667,#FF1CAA,13
1,0.1111111111,0.7777777778,#FF1CC6,13
1,0.1111111111,0.8888888889,#FF1CE2,13
1,0.1111111111,1,#FF1CFF,13
1,0.2222222222,0,#FF3800,9
1,0.2222222222,0.1111111111,#FF381C,9
1,0.2222222222,0.2222222222,#FF3838,9
1,0.2222222222,0.3333333333,#FF3855,9
1,0.2222222222,0.4444444444,#FF3871,9
1,0.2222222222,0.5555555556,#FF388D,13
1,0.2222222222,0.6666666667,#FF38AA,13
1,0.2222222222,0.7777777778,#FF38C6,13
1,0.2222222222,0.8888888889,#FF38E2,13
1,0.2222222222,1,#FF38FF,13
1,0.3333333333,0,#FF5500,9
1,0.3333333333,0.1111111111,#FF551C,9
1,0.3333333333,0.2222222222,#FF5538,9
1,0.3333333333,0.3333333333,#FF5555,9
1,0.3333333333,0.4444444444,#FF5571,9
1,0.3333333333,0.5555555556,#FF558D,13
1,0.3333333333,0.6666666667,#FF55AA,13
1,0.3333333333,0.7777777778,#FF55C6,13
1,0.3333333333,0.8888888889,#FF55E2,13
1,0.3333333333,1,#FF55FF,13
1,0.4444444444,0,#FF7100,9
1,0.4444444444,0.1111111111,#FF711C,9
1,0.4444444444,0.2222222222,#FF7138,9
1,0.4444444444,0.3333333333,#FF7155,9
1,0.4444444444,0.4444444444,#FF7171,9
1,0.4444444444,0.5555555556,#FF718D,13
1,0.4444444444,0.6666666667,#FF71AA,13
1,0.4444444444,0.7777777778,#FF71C6,13
1,0.4444444444,0.8888888889,#FF71E2,13
1,0.4444444444,1,#FF71FF,13
1,0.5555555556,0,#FF8D00,9
1,0.5555555556,0.1111111111,#FF8D1C,9
1,0.5555555556,0.2222222222,#FF8D38,9
1,0.5555555556,0.3333333333,#FF8D55,9
1,0.5555555556,0.4444444444,#FF8D71,9
1,0.5555555556,0.5555555556,#FF8D8D,9
1,0.5555555556,0.6666666667,#FF8DAA,13
1,0.5555555556,0.7777777778,#FF8DC6,13
1,0.5555555556,0.8888888889,#FF8DE2,13
1,0.5555555556,1,#FF8DFF,13
1,0.6666666667,0,#FFAA00,11
1,0.6666666667,0.1111111111,#FFAA1C,11
1,0.6666666667,0.2222222222,#FFAA38,11
1,0.6666666667,0.3333333333,#FFAA55,11
1,0.6666666667,0.4444444444,#FFAA71,11
1,0.6666666667,0.5555555556,#FFAA8D,11
1,0.6666666667,0.6666666667,#FFAAAA,13
1,0.6666666667,0.7777777778,#FFAAC6,13
1,0.6666666667,0.8888888889,#FFAAE2,13
1,0.6666666667,1,#FFAAFF,13
1,0.7777777778,0,#FFC600,11
1,0.7777777778,0.1111111111,#FFC61C,11
1,0.7777777778,0.2222222222,#FFC638,11
1,0.7777777778,0.3333333333,#FFC655,11
1,0.7777777778,0.4444444444,#FFC671,11
1,0.7777777778,0.5555555556,#FFC68D,11
1,0.7777777778,0.6666666667,#FFC6AA,11
1,0.7777777778,0.7777777778,#FFC6C6,13
1,0.7777777778,0.8888888889,#FFC6E2,13
1,0.7777777778,1,#FFC6FF,13
1,0.8888888889,0,#FFE200,11
1,0.8888888889,0.1111111111,#FFE21C,11
1,0.8888888889,0.2222222222,#FFE238,11
1,0.8888888889,0.3333333333,#FFE255,11
1,0.8888888889,0.4444444444,#FFE271,11
1,0.8888888889,0.5555555556,#FFE28D,11
1,0.8888888889,0.6666666667,#FFE2AA,11
1,0.8888888889,0.7777777778,#FFE2C6,1
1,0.8888888889,0.8888888889,#FFE2E2,1
1,0.8888888889,1,#FFE2FF,2
1,1,0,#FFFF00,11
1,1,0.1111111111,#FFFF1C,11
1,1,0.2222222222,#FFFF38,11
1,1,0.3333333333,#FFFF55,11
1,1,0.4444444444,#FFFF71,11
1,1,0.5555555556,#FFFF8D,11
1,1,0.6666666667,#FFFFAA,11
1,1,0.7777777778,#FFFFC6,2
1,1,0.8888888889,#FFFFE2,2
1,1,1,#FFFFFF,2